{"cameraMode":{"drawMode":0,"name":"Shaded","section":"Shading Mode"},"sceneLighting":true,"audioPlay":false,"sceneViewState":{"showFog":true,"showMaterialUpdate":false,"showSkybox":true,"showFlares":true,"showImageEffects":true,"showParticleSystems":true},"in2DMode":false,"pivot":{"x":0.038849376142024997,"y":0.14138466119766236,"z":0.2709427773952484},"rotation":{"x":-0.1580447554588318,"y":0.43690741062164309,"z":-0.07828447222709656,"w":-0.882046103477478},"size":9.135343551635743,"orthographic":true}