{"cameraMode":{"drawMode":0,"name":"Shaded","section":"Shading Mode"},"sceneLighting":true,"audioPlay":false,"sceneViewState":{"showFog":true,"showMaterialUpdate":false,"showSkybox":true,"showFlares":true,"showImageEffects":true,"showParticleSystems":true},"in2DMode":false,"pivot":{"x":0.038849376142024997,"y":0.14138466119766236,"z":0.2709427773952484},"rotation":{"x":-0.09603851288557053,"y":-0.5818527936935425,"z":0.06945023685693741,"w":-0.8046121001243591},"size":0.4505331516265869,"orthographic":true}