{"cameraMode":{"drawMode":0,"name":"Shaded","section":"Shading Mode"},"sceneLighting":true,"audioPlay":false,"sceneViewState":{"showFog":true,"showMaterialUpdate":false,"showSkybox":true,"showFlares":true,"showImageEffects":true,"showParticleSystems":true},"in2DMode":false,"pivot":{"x":0.19160374999046327,"y":2.03178334236145,"z":8.637758255004883},"rotation":{"x":-0.15312069654464723,"y":0.8415301442146301,"z":-0.3110029995441437,"w":-0.4143165647983551},"size":13.453071594238282,"orthographic":true}