{"cameraMode":{"drawMode":0,"name":"Shaded","section":"Shading Mode"},"sceneLighting":false,"audioPlay":false,"sceneViewState":{"showFog":true,"showMaterialUpdate":false,"showSkybox":true,"showFlares":true,"showImageEffects":true,"showParticleSystems":true},"in2DMode":false,"pivot":{"x":-0.4493759572505951,"y":-0.51171875,"z":-3.4452083110809328},"rotation":{"x":-0.03198685497045517,"y":0.15766319632530213,"z":-0.005109663121402264,"w":-0.9869615435600281},"size":10.067997932434082,"orthographic":true}