{"cameraMode":{"drawMode":0,"name":"Shaded","section":"Shading Mode"},"sceneLighting":false,"audioPlay":false,"sceneViewState":{"showFog":true,"showMaterialUpdate":false,"showSkybox":true,"showFlares":true,"showImageEffects":true,"showParticleSystems":true},"in2DMode":false,"pivot":{"x":0.0019675493240356447,"y":0.0421256422996521,"z":-0.006025075912475586},"rotation":{"x":-0.038524895906448367,"y":-0.9087742567062378,"z":0.08613694459199906,"w":-0.40647971630096438},"size":1.0990209579467774,"orthographic":true}