{"cameraMode":{"drawMode":0,"name":"Shaded","section":"Shading Mode"},"sceneLighting":true,"audioPlay":false,"sceneViewState":{"showFog":true,"showMaterialUpdate":false,"showSkybox":true,"showFlares":true,"showImageEffects":true,"showParticleSystems":true},"in2DMode":false,"pivot":{"x":-0.06307466328144074,"y":0.46091634035110476,"z":0.577354907989502},"rotation":{"x":0.03641347587108612,"y":-0.8398271799087524,"z":0.0567731112241745,"w":0.5386475324630737},"size":1.0001696348190308,"orthographic":true}