{"cameraMode":{"drawMode":0,"name":"Shaded","section":"Shading Mode"},"sceneLighting":false,"audioPlay":false,"sceneViewState":{"showFog":true,"showMaterialUpdate":false,"showSkybox":true,"showFlares":true,"showImageEffects":true,"showParticleSystems":true},"in2DMode":false,"pivot":{"x":0.0,"y":1.0193464756011963,"z":0.49004071950912478},"rotation":{"x":0.09528020024299622,"y":-0.8524030447006226,"z":0.16702982783317567,"w":0.4862425625324249},"size":5.103920936584473,"orthographic":true}