{"cameraMode":{"drawMode":0,"name":"Shaded","section":"Shading Mode"},"sceneLighting":false,"audioPlay":false,"sceneViewState":{"showFog":true,"showMaterialUpdate":false,"showSkybox":true,"showFlares":true,"showImageEffects":true,"showParticleSystems":true},"in2DMode":false,"pivot":{"x":0.0,"y":0.5000001788139343,"z":1.1920928955078126e-7},"rotation":{"x":0.21068710088729859,"y":-0.49472200870513918,"z":0.12500691413879395,"w":0.8338071703910828},"size":4.950002193450928,"orthographic":false}