{"cameraMode":{"drawMode":0,"name":"Shaded","section":"Shading Mode"},"sceneLighting":true,"audioPlay":false,"sceneViewState":{"showFog":true,"showMaterialUpdate":false,"showSkybox":true,"showFlares":true,"showImageEffects":true,"showParticleSystems":true},"in2DMode":false,"pivot":{"x":-0.034269094467163089,"y":0.125,"z":0.024531960487365724},"rotation":{"x":0.22055110335350038,"y":-0.4626360535621643,"z":0.11999957263469696,"w":0.8502501249313355},"size":2.9699668884277345,"orthographic":true}