{"cameraMode":{"drawMode":0,"name":"Shaded","section":"Shading Mode"},"sceneLighting":true,"audioPlay":false,"sceneViewState":{"showFog":true,"showMaterialUpdate":false,"showSkybox":true,"showFlares":true,"showImageEffects":true,"showParticleSystems":true},"in2DMode":false,"pivot":{"x":-0.16455078125,"y":2.1419677734375,"z":2.392242431640625},"rotation":{"x":-0.04244076460599899,"y":0.7638182640075684,"z":-0.05048374831676483,"w":-0.6420528888702393},"size":2.6576757431030275,"orthographic":true}