{"cameraMode":{"drawMode":0,"name":"Shaded","section":"Shading Mode"},"sceneLighting":false,"audioPlay":false,"sceneViewState":{"showFog":true,"showMaterialUpdate":false,"showSkybox":true,"showFlares":true,"showImageEffects":true,"showParticleSystems":true},"in2DMode":false,"pivot":{"x":0.0,"y":1.0193464756011963,"z":0.49004071950912478},"rotation":{"x":0.07701177895069123,"y":-0.9208506941795349,"z":0.2356223165988922,"w":0.30097392201423647},"size":2.0139424800872804,"orthographic":true}