{"cameraMode":{"drawMode":0,"name":"Shaded","section":"Shading Mode"},"sceneLighting":false,"audioPlay":false,"sceneViewState":{"showFog":true,"showMaterialUpdate":false,"showSkybox":true,"showFlares":true,"showImageEffects":true,"showParticleSystems":true},"in2DMode":false,"pivot":{"x":0.0,"y":0.5000001788139343,"z":1.1920928955078126e-7},"rotation":{"x":-0.11343491822481156,"y":-0.2797521948814392,"z":0.0333058126270771,"w":-0.9527654647827148},"size":3.4247777462005617,"orthographic":true}