{"cameraMode":{"drawMode":0,"name":"Shaded","section":"Shading Mode"},"sceneLighting":false,"audioPlay":false,"sceneViewState":{"showFog":true,"showMaterialUpdate":false,"showSkybox":true,"showFlares":true,"showImageEffects":true,"showParticleSystems":true},"in2DMode":false,"pivot":{"x":5.289299011230469,"y":-58.61809539794922,"z":7.570152282714844},"rotation":{"x":0.49267709255218508,"y":0.21612583100795747,"z":-0.1277959644794464,"w":0.8332028985023499},"size":308.0603942871094,"orthographic":true}