{"cameraMode":{"drawMode":0,"name":"Shaded","section":"Shading Mode"},"sceneLighting":true,"audioPlay":false,"sceneViewState":{"showFog":true,"showMaterialUpdate":false,"showSkybox":true,"showFlares":true,"showImageEffects":true,"showParticleSystems":true},"in2DMode":false,"pivot":{"x":-0.06307466328144074,"y":0.46091634035110476,"z":0.577354907989502},"rotation":{"x":-0.04130460321903229,"y":-0.9495574235916138,"z":0.27664974331855776,"w":-0.14177286624908448},"size":4.2989702224731449,"orthographic":true}