{"cameraMode":{"drawMode":0,"name":"Shaded","section":"Shading Mode"},"sceneLighting":true,"audioPlay":false,"sceneViewState":{"showFog":true,"showMaterialUpdate":false,"showSkybox":true,"showFlares":true,"showImageEffects":true,"showParticleSystems":true},"in2DMode":false,"pivot":{"x":-0.06260561943054199,"y":0.6178248524665833,"z":3.9938342571258547},"rotation":{"x":-0.11224476993083954,"y":0.01668863371014595,"z":-0.0018844682490453125,"w":-0.9935386776924133},"size":7.163450717926025,"orthographic":true}