{"cameraMode":{"drawMode":0,"name":"Shaded","section":"Shading Mode"},"sceneLighting":true,"audioPlay":false,"sceneViewState":{"showFog":true,"showMaterialUpdate":false,"showSkybox":true,"showFlares":true,"showImageEffects":true,"showParticleSystems":true},"in2DMode":false,"pivot":{"x":-0.034269094467163089,"y":0.125,"z":0.024531960487365724},"rotation":{"x":0.272219717502594,"y":-0.6840967535972595,"z":0.3094412088394165,"w":0.601792573928833},"size":1.3448021411895753,"orthographic":true}