{"cameraMode":{"drawMode":0,"name":"Shaded","section":"Shading Mode"},"sceneLighting":true,"audioPlay":false,"sceneViewState":{"showFog":true,"showMaterialUpdate":false,"showSkybox":true,"showFlares":true,"showImageEffects":true,"showParticleSystems":true},"in2DMode":false,"pivot":{"x":0.11831009387969971,"y":1.2046643495559693,"z":18.962051391601564},"rotation":{"x":-0.044631022959947589,"y":0.6448668837547302,"z":-0.0377681702375412,"w":-0.7620553970336914},"size":48.552757263183597,"orthographic":true}