{"cameraMode":{"drawMode":0,"name":"Shaded","section":"Shading Mode"},"sceneLighting":true,"audioPlay":false,"sceneViewState":{"showFog":true,"showMaterialUpdate":false,"showSkybox":true,"showFlares":true,"showImageEffects":true,"showParticleSystems":true},"in2DMode":false,"pivot":{"x":-0.0047872066497802738,"y":-0.21222561597824098,"z":-0.09894633293151856},"rotation":{"x":-0.004281243309378624,"y":0.9711803197860718,"z":-0.23766550421714784,"w":-0.017481863498687745},"size":21.539459228515626,"orthographic":true}