{"cameraMode":{"drawMode":0,"name":"Shaded","section":"Shading Mode"},"sceneLighting":false,"audioPlay":false,"sceneViewState":{"showFog":true,"showMaterialUpdate":false,"showSkybox":true,"showFlares":true,"showImageEffects":true,"showParticleSystems":true},"in2DMode":false,"pivot":{"x":-0.016033727675676347,"y":0.12928414344787599,"z":1.4901161193847657e-8},"rotation":{"x":0.028355147689580919,"y":0.9661366939544678,"z":-0.22602108120918275,"w":0.12120376527309418},"size":0.6104527711868286,"orthographic":false}