{"cameraMode":{"drawMode":0,"name":"Shaded","section":"Shading Mode"},"sceneLighting":false,"audioPlay":false,"sceneViewState":{"showFog":true,"showMaterialUpdate":false,"showSkybox":true,"showFlares":true,"showImageEffects":true,"showParticleSystems":true},"in2DMode":false,"pivot":{"x":-0.9539999961853027,"y":0.156000018119812,"z":0.03791803494095802},"rotation":{"x":-0.038524895906448367,"y":-0.9087742567062378,"z":0.08613694459199906,"w":-0.40647971630096438},"size":0.8335065841674805,"orthographic":true}