{"cameraMode":{"drawMode":0,"name":"Shaded","section":"Shading Mode"},"sceneLighting":true,"audioPlay":false,"sceneViewState":{"showFog":true,"showMaterialUpdate":false,"showSkybox":true,"showFlares":true,"showImageEffects":true,"showParticleSystems":true},"in2DMode":false,"pivot":{"x":6.965502738952637,"y":-2.3827719688415529,"z":98.85708618164063},"rotation":{"x":0.08030689507722855,"y":0.01165657490491867,"z":-0.0009396997047588229,"w":0.9967015981674194},"size":158.5204620361328,"orthographic":true}