{"cameraMode":{"drawMode":0,"name":"Shaded","section":"Shading Mode"},"sceneLighting":false,"audioPlay":false,"sceneViewState":{"showFog":true,"showMaterialUpdate":false,"showSkybox":true,"showFlares":true,"showImageEffects":true,"showParticleSystems":true},"in2DMode":false,"pivot":{"x":0.0,"y":1.0193464756011963,"z":0.49004071950912478},"rotation":{"x":0.1280573308467865,"y":-0.3350496292114258,"z":0.04602264240384102,"w":0.9323223829269409},"size":5.176567554473877,"orthographic":true}