{"cameraMode":{"drawMode":0,"name":"Shaded","section":"Shading Mode"},"sceneLighting":true,"audioPlay":false,"sceneViewState":{"showFog":true,"showMaterialUpdate":false,"showSkybox":true,"showFlares":true,"showImageEffects":true,"showParticleSystems":true},"in2DMode":false,"pivot":{"x":6.965502738952637,"y":-2.3827719688415529,"z":98.85708618164063},"rotation":{"x":0.03641347587108612,"y":-0.8398271799087524,"z":0.0567731112241745,"w":0.5386475324630737},"size":22.0,"orthographic":true}