{"cameraMode":{"drawMode":0,"name":"Shaded","section":"Shading Mode"},"sceneLighting":true,"audioPlay":false,"sceneViewState":{"showFog":true,"showMaterialUpdate":false,"showSkybox":true,"showFlares":true,"showImageEffects":true,"showParticleSystems":true},"in2DMode":false,"pivot":{"x":425.32366943359377,"y":228.58975219726563,"z":-4.416240692138672},"rotation":{"x":0.016110384836792947,"y":0.10359446704387665,"z":-0.0016803313046693802,"w":0.9944877028465271},"size":701.518798828125,"orthographic":true}