{"cameraMode":{"drawMode":0,"name":"Shaded","section":"Shading Mode"},"sceneLighting":true,"audioPlay":false,"sceneViewState":{"showFog":true,"showMaterialUpdate":false,"showSkybox":true,"showFlares":true,"showImageEffects":true,"showParticleSystems":true},"in2DMode":false,"pivot":{"x":0.43619197607040408,"y":1.0450513362884522,"z":2.68770432472229},"rotation":{"x":0.1280573308467865,"y":-0.3350496292114258,"z":0.04602264240384102,"w":0.9323223829269409},"size":24.174419403076173,"orthographic":true}