{"cameraMode":{"drawMode":0,"name":"Shaded","section":"Shading Mode"},"sceneLighting":true,"audioPlay":false,"sceneViewState":{"showFog":true,"showMaterialUpdate":false,"showSkybox":true,"showFlares":true,"showImageEffects":true,"showParticleSystems":true},"in2DMode":false,"pivot":{"x":1.6112229824066163,"y":-0.16950026154518128,"z":31.778186798095704},"rotation":{"x":-0.0018014389788731933,"y":0.018898069858551027,"z":0.000033229873224627227,"w":0.999819815158844},"size":22.783550262451173,"orthographic":true}