{"cameraMode":{"drawMode":0,"name":"Shaded","section":"Shading Mode"},"sceneLighting":false,"audioPlay":false,"sceneViewState":{"showFog":true,"showMaterialUpdate":false,"showSkybox":true,"showFlares":true,"showImageEffects":true,"showParticleSystems":true},"in2DMode":false,"pivot":{"x":136.99998474121095,"y":459.3904113769531,"z":0.0},"rotation":{"x":0.054763566702604297,"y":0.9370049238204956,"z":-0.17137561738491059,"w":0.2994214594364166},"size":530.1163330078125,"orthographic":true}