{"cameraMode":{"drawMode":0,"name":"Shaded","section":"Shading Mode"},"sceneLighting":false,"audioPlay":false,"sceneViewState":{"showFog":true,"showMaterialUpdate":false,"showSkybox":true,"showFlares":true,"showImageEffects":true,"showParticleSystems":true},"in2DMode":false,"pivot":{"x":0.0000011920928955078126,"y":1.0960900783538819,"z":0.4564422070980072},"rotation":{"x":-0.0006338295061141253,"y":-0.7087875008583069,"z":0.000634895171970129,"w":-0.7054214477539063},"size":7.511906147003174,"orthographic":true}