{"cameraMode":{"drawMode":0,"name":"Shaded","section":"Shading Mode"},"sceneLighting":true,"audioPlay":false,"sceneViewState":{"showFog":true,"showMaterialUpdate":false,"showSkybox":true,"showFlares":true,"showImageEffects":true,"showParticleSystems":true},"in2DMode":false,"pivot":{"x":-0.21773600578308106,"y":0.10882377624511719,"z":-0.5986096858978272},"rotation":{"x":-0.044631022959947589,"y":0.6448668837547302,"z":-0.0377681702375412,"w":-0.7620553970336914},"size":6.0229268074035648,"orthographic":true}