{"cameraMode":{"drawMode":0,"name":"Shaded","section":"Shading Mode"},"sceneLighting":true,"audioPlay":false,"sceneViewState":{"showFog":true,"showMaterialUpdate":false,"showSkybox":true,"showFlares":true,"showImageEffects":true,"showParticleSystems":true},"in2DMode":false,"pivot":{"x":0.0,"y":0.156000018119812,"z":0.03791803494095802},"rotation":{"x":0.010455329902470112,"y":-0.9299126863479614,"z":-0.026508579030632974,"w":-0.3666747808456421},"size":13.347155570983887,"orthographic":true}