{"cameraMode":{"drawMode":0,"name":"Shaded","section":"Shading Mode"},"sceneLighting":false,"audioPlay":false,"sceneViewState":{"showFog":true,"showMaterialUpdate":false,"showSkybox":true,"showFlares":true,"showImageEffects":true,"showParticleSystems":true},"in2DMode":false,"pivot":{"x":23.307693481445314,"y":107.14768981933594,"z":0.0},"rotation":{"x":-0.14346787333488465,"y":0.02255798876285553,"z":0.003268018364906311,"w":0.9893925189971924},"size":856.2224731445313,"orthographic":true}