{"cameraMode":{"drawMode":0,"name":"Shaded","section":"Shading Mode"},"sceneLighting":true,"audioPlay":false,"sceneViewState":{"showFog":true,"showMaterialUpdate":false,"showSkybox":true,"showFlares":true,"showImageEffects":true,"showParticleSystems":true},"in2DMode":false,"pivot":{"x":-4.1759819984436039,"y":0.2581218481063843,"z":-5.156162261962891},"rotation":{"x":0.15998484194278718,"y":-0.6864237785339356,"z":0.15883898735046388,"w":0.6913736462593079},"size":0.3119335174560547,"orthographic":true}