{"cameraMode":{"drawMode":0,"name":"Shaded","section":"Shading Mode"},"sceneLighting":false,"audioPlay":false,"sceneViewState":{"showFog":true,"showMaterialUpdate":false,"showSkybox":true,"showFlares":true,"showImageEffects":true,"showParticleSystems":true},"in2DMode":false,"pivot":{"x":0.0,"y":1.0193464756011963,"z":0.49004071950912478},"rotation":{"x":0.14322113990783692,"y":-0.8396418690681458,"z":0.2666477859020233,"w":0.4509858787059784},"size":1.3551908731460572,"orthographic":true}